joint1_rad,joint4_rad,sigma_min,manipulability,cond
-1.396263,0.0,7.185763611658604e-17,2.8563043544810126e-10,2.3143437469315644e+16
-1.19264125,0.0,7.185763611658604e-17,2.8563043544810126e-10,2.3143437469315644e+16
-0.9890194999999999,0.0,7.185763611658604e-17,2.8563043544810126e-10,2.3143437469315644e+16
-0.78539775,0.0,7.185763611658604e-17,2.8563043544810126e-10,2.3143437469315644e+16
-0.581776,0.0,7.185763611658604e-17,2.8563043544810126e-10,2.3143437469315644e+16
-0.3781542499999999,0.0,7.185763611658604e-17,2.8563043544810126e-10,2.3143437469315644e+16
-0.17453249999999998,0.0,7.185763611658604e-17,2.8563043544810126e-10,2.3143437469315644e+16
0.029089250000000177,0.0,7.185763611658604e-17,2.8563043544810126e-10,2.3143437469315644e+16
0.2327110000000001,0.0,7.185763611658604e-17,2.8563043544810126e-10,2.3143437469315644e+16
0.43633275000000005,0.0,7.185763611658604e-17,2.8563043544810126e-10,2.3143437469315644e+16
0.6399545000000002,0.0,7.185763611658604e-17,2.8563043544810126e-10,2.3143437469315644e+16
0.8435762500000001,0.0,7.185763611658604e-17,2.8563043544810126e-10,2.3143437469315644e+16
1.047198,0.0,7.185763611658604e-17,2.8563043544810126e-10,2.3143437469315644e+16
1.25081975,0.0,7.185763611658604e-17,2.8563043544810126e-10,2.3143437469315644e+16
1.4544415000000004,0.0,7.185763611658604e-17,2.8563043544810126e-10,2.3143437469315644e+16
1.6580632500000003,0.0,7.185763611658604e-17,2.8563043544810126e-10,2.3143437469315644e+16
1.8616850000000003,0.0,7.185763611658604e-17,2.8563043544810126e-10,2.3143437469315644e+16
2.0653067500000004,0.0,7.185763611658604e-17,2.8563043544810126e-10,2.3143437469315644e+16
2.2689285000000003,0.0,7.185763611658604e-17,2.8563043544810126e-10,2.3143437469315644e+16
2.4725502500000003,0.0,7.185763611658604e-17,2.8563043544810126e-10,2.3143437469315644e+16
2.676172,0.0,7.185763611658604e-17,2.8563043544810126e-10,2.3143437469315644e+16
2.87979375,0.0,7.185763611658604e-17,2.8563043544810126e-10,2.3143437469315644e+16
3.0834155,0.0,7.185763611658604e-17,2.8563043544810126e-10,2.3143437469315644e+16
3.28703725,0.0,7.185763611658604e-17,2.8563043544810126e-10,2.3143437469315644e+16
3.490659,0.0,7.185763611658604e-17,2.8563043544810126e-10,2.3143437469315644e+16
-1.396263,0.1527163125,0.012184077056840676,0.0027215876670292206,136.39977912279153
-1.19264125,0.1527163125,0.012184077056840676,0.0027215876670292206,136.39977912279153
-0.9890194999999999,0.1527163125,0.012184077056840676,0.0027215876670292206,136.39977912279153
-0.78539775,0.1527163125,0.012184077056840676,0.0027215876670292206,136.39977912279153
-0.581776,0.1527163125,0.012184077056840676,0.0027215876670292206,136.39977912279153
-0.3781542499999999,0.1527163125,0.012184077056840676,0.0027215876670292206,136.39977912279153
-0.17453249999999998,0.1527163125,0.012184077056840676,0.0027215876670292206,136.39977912279153
0.029089250000000177,0.1527163125,0.012184077056840676,0.0027215876670292206,136.39977912279153
0.2327110000000001,0.1527163125,0.012184077056840676,0.0027215876670292206,136.39977912279153
0.43633275000000005,0.1527163125,0.012184077056840676,0.0027215876670292206,136.39977912279153
0.6399545000000002,0.1527163125,0.012184077056840676,0.0027215876670292206,136.39977912279153
0.8435762500000001,0.1527163125,0.012184077056840676,0.0027215876670292206,136.39977912279153
1.047198,0.1527163125,0.012184077056840676,0.0027215876670292206,136.39977912279153
1.25081975,0.1527163125,0.012184077056840676,0.0027215876670292206,136.39977912279153
1.4544415000000004,0.1527163125,0.012184077056840676,0.0027215876670292206,136.39977912279153
1.6580632500000003,0.1527163125,0.012184077056840676,0.0027215876670292206,136.39977912279153
1.8616850000000003,0.1527163125,0.012184077056840676,0.0027215876670292206,136.39977912279153
2.0653067500000004,0.1527163125,0.012184077056840676,0.0027215876670292206,136.39977912279153
2.2689285000000003,0.1527163125,0.012184077056840676,0.0027215876670292206,136.39977912279153
2.4725502500000003,0.1527163125,0.012184077056840676,0.0027215876670292206,136.39977912279153
2.676172,0.1527163125,0.012184077056840676,0.0027215876670292206,136.39977912279153
2.87979375,0.1527163125,0.012184077056840676,0.0027215876670292206,136.39977912279153
3.0834155,0.1527163125,0.012184077056840676,0.0027215876670292206,136.39977912279153
3.28703725,0.1527163125,0.012184077056840676,0.0027215876670292206,136.39977912279153
3.490659,0.1527163125,0.012184077056840676,0.0027215876670292206,136.39977912279153
-1.396263,0.305432625,0.024253017847130128,0.005332754887234763,68.38934040456441
-1.19264125,0.305432625,0.024253017847130128,0.005332754887234763,68.38934040456441
-0.9890194999999999,0.305432625,0.024253017847130128,0.005332754887234763,68.38934040456441
-0.78539775,0.305432625,0.024253017847130128,0.005332754887234763,68.38934040456441
-0.581776,0.305432625,0.024253017847130128,0.005332754887234763,68.38934040456441
-0.3781542499999999,0.305432625,0.024253017847130128,0.005332754887234763,68.38934040456441
-0.17453249999999998,0.305432625,0.024253017847130128,0.005332754887234763,68.38934040456441
0.029089250000000177,0.305432625,0.024253017847130128,0.005332754887234763,68.38934040456441
0.2327110000000001,0.305432625,0.024253017847130128,0.005332754887234763,68.38934040456441
0.43633275000000005,0.305432625,0.024253017847130128,0.005332754887234763,68.38934040456441
0.6399545000000002,0.305432625,0.024253017847130128,0.005332754887234763,68.38934040456441
0.8435762500000001,0.305432625,0.024253017847130128,0.005332754887234763,68.38934040456441
1.047198,0.305432625,0.024253017847130128,0.005332754887234763,68.38934040456441
1.25081975,0.305432625,0.024253017847130128,0.005332754887234763,68.38934040456441
1.4544415000000004,0.305432625,0.024253017847130128,0.005332754887234763,68.38934040456441
1.6580632500000003,0.305432625,0.024253017847130128,0.005332754887234763,68.38934040456441
1.8616850000000003,0.305432625,0.024253017847130128,0.005332754887234763,68.38934040456441
2.0653067500000004,0.305432625,0.024253017847130128,0.005332754887234763,68.38934040456441
2.2689285000000003,0.305432625,0.024253017847130128,0.005332754887234763,68.38934040456441
2.4725502500000003,0.305432625,0.024253017847130128,0.005332754887234763,68.38934040456441
2.676172,0.305432625,0.024253017847130128,0.005332754887234763,68.38934040456441
2.87979375,0.305432625,0.024253017847130128,0.005332754887234763,68.38934040456441
3.0834155,0.305432625,0.024253017847130128,0.005332754887234763,68.38934040456441
3.28703725,0.305432625,0.024253017847130128,0.005332754887234763,68.38934040456441
3.490659,0.305432625,0.024253017847130128,0.005332754887234763,68.38934040456441
-1.396263,0.4581489375,0.036093635398680386,0.007728665087941183,45.81902337237407
-1.19264125,0.4581489375,0.036093635398680386,0.007728665087941183,45.81902337237407
-0.9890194999999999,0.4581489375,0.036093635398680386,0.007728665087941183,45.81902337237407
-0.78539775,0.4581489375,0.036093635398680386,0.007728665087941183,45.81902337237407
-0.581776,0.4581489375,0.036093635398680386,0.007728665087941183,45.81902337237407
-0.3781542499999999,0.4581489375,0.036093635398680386,0.007728665087941183,45.81902337237407
-0.17453249999999998,0.4581489375,0.036093635398680386,0.007728665087941183,45.81902337237407
0.029089250000000177,0.4581489375,0.036093635398680386,0.007728665087941183,45.81902337237407
0.2327110000000001,0.4581489375,0.036093635398680386,0.007728665087941183,45.81902337237407
0.43633275000000005,0.4581489375,0.036093635398680386,0.007728665087941183,45.81902337237407
0.6399545000000002,0.4581489375,0.036093635398680386,0.007728665087941183,45.81902337237407
0.8435762500000001,0.4581489375,0.036093635398680386,0.007728665087941183,45.81902337237407
1.047198,0.4581489375,0.036093635398680386,0.007728665087941183,45.81902337237407
1.25081975,0.4581489375,0.036093635398680386,0.007728665087941183,45.81902337237407
1.4544415000000004,0.4581489375,0.036093635398680386,0.007728665087941183,45.81902337237407
1.6580632500000003,0.4581489375,0.036093635398680386,0.007728665087941183,45.81902337237407
1.8616850000000003,0.4581489375,0.036093635398680386,0.007728665087941183,45.81902337237407
2.0653067500000004,0.4581489375,0.036093635398680386,0.007728665087941183,45.81902337237407
2.2689285000000003,0.4581489375,0.036093635398680386,0.007728665087941183,45.81902337237407
2.4725502500000003,0.4581489375,0.036093635398680386,0.007728665087941183,45.81902337237407
2.676172,0.4581489375,0.036093635398680386,0.007728665087941183,45.81902337237407
2.87979375,0.4581489375,0.036093635398680386,0.007728665087941183,45.81902337237407
3.0834155,0.4581489375,0.036093635398680386,0.007728665087941183,45.81902337237407
3.28703725,0.4581489375,0.036093635398680386,0.007728665087941183,45.81902337237407
3.490659,0.4581489375,0.036093635398680386,0.007728665087941183,45.81902337237407
-1.396263,0.61086525,0.04759616349520009,0.009815358788484371,34.64597713246797
-1.19264125,0.61086525,0.04759616349520009,0.009815358788484371,34.64597713246797
-0.9890194999999999,0.61086525,0.04759616349520009,0.009815358788484371,34.64597713246797
-0.78539775,0.61086525,0.04759616349520009,0.009815358788484371,34.64597713246797
-0.581776,0.61086525,0.04759616349520009,0.009815358788484371,34.64597713246797
-0.3781542499999999,0.61086525,0.04759616349520009,0.009815358788484371,34.64597713246797
-0.17453249999999998,0.61086525,0.04759616349520009,0.009815358788484371,34.64597713246797
0.029089250000000177,0.61086525,0.04759616349520009,0.009815358788484371,34.64597713246797
0.2327110000000001,0.61086525,0.04759616349520009,0.009815358788484371,34.64597713246797
0.43633275000000005,0.61086525,0.04759616349520009,0.009815358788484371,34.64597713246797
0.6399545000000002,0.61086525,0.04759616349520009,0.009815358788484371,34.64597713246797
0.8435762500000001,0.61086525,0.04759616349520009,0.009815358788484371,34.64597713246797
1.047198,0.61086525,0.04759616349520009,0.009815358788484371,34.64597713246797
1.25081975,0.61086525,0.04759616349520009,0.009815358788484371,34.64597713246797
1.4544415000000004,0.61086525,0.04759616349520009,0.009815358788484371,34.64597713246797
1.6580632500000003,0.61086525,0.04759616349520009,0.009815358788484371,34.64597713246797
1.8616850000000003,0.61086525,0.04759616349520009,0.009815358788484371,34.64597713246797
2.0653067500000004,0.61086525,0.04759616349520009,0.009815358788484371,34.64597713246797
2.2689285000000003,0.61086525,0.04759616349520009,0.009815358788484371,34.64597713246797
2.4725502500000003,0.61086525,0.04759616349520009,0.009815358788484371,34.64597713246797
2.676172,0.61086525,0.04759616349520009,0.009815358788484371,34.64597713246797
2.87979375,0.61086525,0.04759616349520009,0.009815358788484371,34.64597713246797
3.0834155,0.61086525,0.04759616349520009,0.009815358788484371,34.64597713246797
3.28703725,0.61086525,0.04759616349520009,0.009815358788484371,34.64597713246797
3.490659,0.61086525,0.04759616349520009,0.009815358788484371,34.64597713246797
-1.396263,0.7635815625,0.05865462289178006,0.011514480684858702,28.134943265787637
-1.19264125,0.7635815625,0.05865462289178006,0.011514480684858702,28.134943265787637
-0.9890194999999999,0.7635815625,0.05865462289178006,0.011514480684858702,28.134943265787637
-0.78539775,0.7635815625,0.05865462289178006,0.011514480684858702,28.134943265787637
-0.581776,0.7635815625,0.05865462289178006,0.011514480684858702,28.134943265787637
-0.3781542499999999,0.7635815625,0.05865462289178006,0.011514480684858702,28.134943265787637
-0.17453249999999998,0.7635815625,0.05865462289178006,0.011514480684858702,28.134943265787637
0.029089250000000177,0.7635815625,0.05865462289178006,0.011514480684858702,28.134943265787637
0.2327110000000001,0.7635815625,0.05865462289178006,0.011514480684858702,28.134943265787637
0.43633275000000005,0.7635815625,0.05865462289178006,0.011514480684858702,28.134943265787637
0.6399545000000002,0.7635815625,0.05865462289178006,0.011514480684858702,28.134943265787637
0.8435762500000001,0.7635815625,0.05865462289178006,0.011514480684858702,28.134943265787637
1.047198,0.7635815625,0.05865462289178006,0.011514480684858702,28.134943265787637
1.25081975,0.7635815625,0.05865462289178006,0.011514480684858702,28.134943265787637
1.4544415000000004,0.7635815625,0.05865462289178006,0.011514480684858702,28.134943265787637
1.6580632500000003,0.7635815625,0.05865462289178006,0.011514480684858702,28.134943265787637
1.8616850000000003,0.7635815625,0.05865462289178006,0.011514480684858702,28.134943265787637
2.0653067500000004,0.7635815625,0.05865462289178006,0.011514480684858702,28.134943265787637
2.2689285000000003,0.7635815625,0.05865462289178006,0.011514480684858702,28.134943265787637
2.4725502500000003,0.7635815625,0.05865462289178006,0.011514480684858702,28.134943265787637
2.676172,0.7635815625,0.05865462289178006,0.011514480684858702,28.134943265787637
2.87979375,0.7635815625,0.05865462289178006,0.011514480684858702,28.134943265787637
3.0834155,0.7635815625,0.05865462289178006,0.011514480684858702,28.134943265787637
3.28703725,0.7635815625,0.05865462289178006,0.011514480684858702,28.134943265787637
3.490659,0.7635815625,0.05865462289178006,0.011514480684858702,28.134943265787637
-1.396263,0.916297875,0.06916499666800155,0.01276719468989414,24.05200270803459
-1.19264125,0.916297875,0.06916499666800155,0.01276719468989414,24.05200270803459
-0.9890194999999999,0.916297875,0.06916499666800155,0.01276719468989414,24.05200270803459
-0.78539775,0.916297875,0.06916499666800155,0.01276719468989414,24.05200270803459
-0.581776,0.916297875,0.06916499666800155,0.01276719468989414,24.05200270803459
-0.3781542499999999,0.916297875,0.06916499666800155,0.01276719468989414,24.05200270803459
-0.17453249999999998,0.916297875,0.06916499666800155,0.01276719468989414,24.05200270803459
0.029089250000000177,0.916297875,0.06916499666800155,0.01276719468989414,24.05200270803459
0.2327110000000001,0.916297875,0.06916499666800155,0.01276719468989414,24.05200270803459
0.43633275000000005,0.916297875,0.06916499666800155,0.01276719468989414,24.05200270803459
0.6399545000000002,0.916297875,0.06916499666800155,0.01276719468989414,24.05200270803459
0.8435762500000001,0.916297875,0.06916499666800155,0.01276719468989414,24.05200270803459
1.047198,0.916297875,0.06916499666800155,0.01276719468989414,24.05200270803459
1.25081975,0.916297875,0.06916499666800155,0.01276719468989414,24.05200270803459
1.4544415000000004,0.916297875,0.06916499666800155,0.01276719468989414,24.05200270803459
1.6580632500000003,0.916297875,0.06916499666800155,0.01276719468989414,24.05200270803459
1.8616850000000003,0.916297875,0.06916499666800155,0.01276719468989414,24.05200270803459
2.0653067500000004,0.916297875,0.06916499666800155,0.01276719468989414,24.05200270803459
2.2689285000000003,0.916297875,0.06916499666800155,0.01276719468989414,24.05200270803459
2.4725502500000003,0.916297875,0.06916499666800155,0.01276719468989414,24.05200270803459
2.676172,0.916297875,0.06916499666800155,0.01276719468989414,24.05200270803459
2.87979375,0.916297875,0.06916499666800155,0.01276719468989414,24.05200270803459
3.0834155,0.916297875,0.06916499666800155,0.01276719468989414,24.05200270803459
3.28703725,0.916297875,0.06916499666800155,0.01276719468989414,24.05200270803459
3.490659,0.916297875,0.06916499666800155,0.01276719468989414,24.05200270803459
-1.396263,1.0690141875,0.07901882556612945,0.013537083425103248,21.300205000386608
-1.19264125,1.0690141875,0.07901882556612945,0.013537083425103248,21.300205000386608
-0.9890194999999999,1.0690141875,0.07901882556612945,0.013537083425103248,21.300205000386608
-0.78539775,1.0690141875,0.07901882556612945,0.013537083425103248,21.300205000386608
-0.581776,1.0690141875,0.07901882556612945,0.013537083425103248,21.300205000386608
-0.3781542499999999,1.0690141875,0.07901882556612945,0.013537083425103248,21.300205000386608
-0.17453249999999998,1.0690141875,0.07901882556612945,0.013537083425103248,21.300205000386608
0.029089250000000177,1.0690141875,0.07901882556612945,0.013537083425103248,21.300205000386608
0.2327110000000001,1.0690141875,0.07901882556612945,0.013537083425103248,21.300205000386608
0.43633275000000005,1.0690141875,0.07901882556612945,0.013537083425103248,21.300205000386608
0.6399545000000002,1.0690141875,0.07901882556612945,0.013537083425103248,21.300205000386608
0.8435762500000001,1.0690141875,0.07901882556612945,0.013537083425103248,21.300205000386608
1.047198,1.0690141875,0.07901882556612945,0.013537083425103248,21.300205000386608
1.25081975,1.0690141875,0.07901882556612945,0.013537083425103248,21.300205000386608
1.4544415000000004,1.0690141875,0.07901882556612945,0.013537083425103248,21.300205000386608
1.6580632500000003,1.0690141875,0.07901882556612945,0.013537083425103248,21.300205000386608
1.8616850000000003,1.0690141875,0.07901882556612945,0.013537083425103248,21.300205000386608
2.0653067500000004,1.0690141875,0.07901882556612945,0.013537083425103248,21.300205000386608
2.2689285000000003,1.0690141875,0.07901882556612945,0.013537083425103248,21.300205000386608
2.4725502500000003,1.0690141875,0.07901882556612945,0.013537083425103248,21.300205000386608
2.676172,1.0690141875,0.07901882556612945,0.013537083425103248,21.300205000386608
2.87979375,1.0690141875,0.07901882556612945,0.013537083425103248,21.300205000386608
3.0834155,1.0690141875,0.07901882556612945,0.013537083425103248,21.300205000386608
3.28703725,1.0690141875,0.07901882556612945,0.013537083425103248,21.300205000386608
3.490659,1.0690141875,0.07901882556612945,0.013537083425103248,21.300205000386608
-1.396263,1.2217305,0.08808588897913866,0.013811881693928376,19.347155980459075
-1.19264125,1.2217305,0.08808588897913866,0.013811881693928376,19.347155980459075
-0.9890194999999999,1.2217305,0.08808588897913866,0.013811881693928376,19.347155980459075
-0.78539775,1.2217305,0.08808588897913866,0.013811881693928376,19.347155980459075
-0.581776,1.2217305,0.08808588897913866,0.013811881693928376,19.347155980459075
-0.3781542499999999,1.2217305,0.08808588897913866,0.013811881693928376,19.347155980459075
-0.17453249999999998,1.2217305,0.08808588897913866,0.013811881693928376,19.347155980459075
0.029089250000000177,1.2217305,0.08808588897913866,0.013811881693928376,19.347155980459075
0.2327110000000001,1.2217305,0.08808588897913866,0.013811881693928376,19.347155980459075
0.43633275000000005,1.2217305,0.08808588897913866,0.013811881693928376,19.347155980459075
0.6399545000000002,1.2217305,0.08808588897913866,0.013811881693928376,19.347155980459075
0.8435762500000001,1.2217305,0.08808588897913866,0.013811881693928376,19.347155980459075
1.047198,1.2217305,0.08808588897913866,0.013811881693928376,19.347155980459075
1.25081975,1.2217305,0.08808588897913866,0.013811881693928376,19.347155980459075
1.4544415000000004,1.2217305,0.08808588897913866,0.013811881693928376,19.347155980459075
1.6580632500000003,1.2217305,0.08808588897913866,0.013811881693928376,19.347155980459075
1.8616850000000003,1.2217305,0.08808588897913866,0.013811881693928376,19.347155980459075
2.0653067500000004,1.2217305,0.08808588897913866,0.013811881693928376,19.347155980459075
2.2689285000000003,1.2217305,0.08808588897913866,0.013811881693928376,19.347155980459075
2.4725502500000003,1.2217305,0.08808588897913866,0.013811881693928376,19.347155980459075
2.676172,1.2217305,0.08808588897913866,0.013811881693928376,19.347155980459075
2.87979375,1.2217305,0.08808588897913866,0.013811881693928376,19.347155980459075
3.0834155,1.2217305,0.08808588897913866,0.013811881693928376,19.347155980459075
3.28703725,1.2217305,0.08808588897913866,0.013811881693928376,19.347155980459075
3.490659,1.2217305,0.08808588897913866,0.013811881693928376,19.347155980459075
-1.396263,1.3744468125,0.0961663761861128,0.013603954355260841,17.940903616320245
-1.19264125,1.3744468125,0.0961663761861128,0.013603954355260841,17.940903616320245
-0.9890194999999999,1.3744468125,0.0961663761861128,0.013603954355260841,17.940903616320245
-0.78539775,1.3744468125,0.0961663761861128,0.013603954355260841,17.940903616320245
-0.581776,1.3744468125,0.0961663761861128,0.013603954355260841,17.940903616320245
-0.3781542499999999,1.3744468125,0.0961663761861128,0.013603954355260841,17.940903616320245
-0.17453249999999998,1.3744468125,0.0961663761861128,0.013603954355260841,17.940903616320245
0.029089250000000177,1.3744468125,0.0961663761861128,0.013603954355260841,17.940903616320245
0.2327110000000001,1.3744468125,0.0961663761861128,0.013603954355260841,17.940903616320245
0.43633275000000005,1.3744468125,0.0961663761861128,0.013603954355260841,17.940903616320245
0.6399545000000002,1.3744468125,0.0961663761861128,0.013603954355260841,17.940903616320245
0.8435762500000001,1.3744468125,0.0961663761861128,0.013603954355260841,17.940903616320245
1.047198,1.3744468125,0.0961663761861128,0.013603954355260841,17.940903616320245
1.25081975,1.3744468125,0.0961663761861128,0.013603954355260841,17.940903616320245
1.4544415000000004,1.3744468125,0.0961663761861128,0.013603954355260841,17.940903616320245
1.6580632500000003,1.3744468125,0.0961663761861128,0.013603954355260841,17.940903616320245
1.8616850000000003,1.3744468125,0.0961663761861128,0.013603954355260841,17.940903616320245
2.0653067500000004,1.3744468125,0.0961663761861128,0.013603954355260841,17.940903616320245
2.2689285000000003,1.3744468125,0.0961663761861128,0.013603954355260841,17.940903616320245
2.4725502500000003,1.3744468125,0.0961663761861128,0.013603954355260841,17.940903616320245
2.676172,1.3744468125,0.0961663761861128,0.013603954355260841,17.940903616320245
2.87979375,1.3744468125,0.0961663761861128,0.013603954355260841,17.940903616320245
3.0834155,1.3744468125,0.0961663761861128,0.013603954355260841,17.940903616320245
3.28703725,1.3744468125,0.0961663761861128,0.013603954355260841,17.940903616320245
3.490659,1.3744468125,0.0961663761861128,0.013603954355260841,17.940903616320245
-1.396263,1.527163125,0.1028437125234676,0.012949494579757725,16.975060104399226
-1.19264125,1.527163125,0.1028437125234676,0.012949494579757725,16.975060104399226
-0.9890194999999999,1.527163125,0.1028437125234676,0.012949494579757725,16.975060104399226
-0.78539775,1.527163125,0.1028437125234676,0.012949494579757725,16.975060104399226
-0.581776,1.527163125,0.1028437125234676,0.012949494579757725,16.975060104399226
-0.3781542499999999,1.527163125,0.1028437125234676,0.012949494579757725,16.975060104399226
-0.17453249999999998,1.527163125,0.1028437125234676,0.012949494579757725,16.975060104399226
0.029089250000000177,1.527163125,0.1028437125234676,0.012949494579757725,16.975060104399226
0.2327110000000001,1.527163125,0.1028437125234676,0.012949494579757725,16.975060104399226
0.43633275000000005,1.527163125,0.1028437125234676,0.012949494579757725,16.975060104399226
0.6399545000000002,1.527163125,0.1028437125234676,0.012949494579757725,16.975060104399226
0.8435762500000001,1.527163125,0.1028437125234676,0.012949494579757725,16.975060104399226
1.047198,1.527163125,0.1028437125234676,0.012949494579757725,16.975060104399226
1.25081975,1.527163125,0.1028437125234676,0.012949494579757725,16.975060104399226
1.4544415000000004,1.527163125,0.1028437125234676,0.012949494579757725,16.975060104399226
1.6580632500000003,1.527163125,0.1028437125234676,0.012949494579757725,16.975060104399226
1.8616850000000003,1.527163125,0.1028437125234676,0.012949494579757725,16.975060104399226
2.0653067500000004,1.527163125,0.1028437125234676,0.012949494579757725,16.975060104399226
2.2689285000000003,1.527163125,0.1028437125234676,0.012949494579757725,16.975060104399226
2.4725502500000003,1.527163125,0.1028437125234676,0.012949494579757725,16.975060104399226
2.676172,1.527163125,0.1028437125234676,0.012949494579757725,16.975060104399226
2.87979375,1.527163125,0.1028437125234676,0.012949494579757725,16.975060104399226
3.0834155,1.527163125,0.1028437125234676,0.012949494579757725,16.975060104399226
3.28703725,1.527163125,0.1028437125234676,0.012949494579757725,16.975060104399226
3.490659,1.527163125,0.1028437125234676,0.012949494579757725,16.975060104399226
-1.396263,1.6798794375000001,0.1070107920906178,0.011906485284408946,16.49585346850391
-1.19264125,1.6798794375000001,0.1070107920906178,0.011906485284408946,16.49585346850391
-0.9890194999999999,1.6798794375000001,0.1070107920906178,0.011906485284408946,16.49585346850391
-0.78539775,1.6798794375000001,0.1070107920906178,0.011906485284408946,16.49585346850391
-0.581776,1.6798794375000001,0.1070107920906178,0.011906485284408946,16.49585346850391
-0.3781542499999999,1.6798794375000001,0.1070107920906178,0.011906485284408946,16.49585346850391
-0.17453249999999998,1.6798794375000001,0.1070107920906178,0.011906485284408946,16.49585346850391
0.029089250000000177,1.6798794375000001,0.1070107920906178,0.011906485284408946,16.49585346850391
0.2327110000000001,1.6798794375000001,0.1070107920906178,0.011906485284408946,16.49585346850391
0.43633275000000005,1.6798794375000001,0.1070107920906178,0.011906485284408946,16.49585346850391
0.6399545000000002,1.6798794375000001,0.1070107920906178,0.011906485284408946,16.49585346850391
0.8435762500000001,1.6798794375000001,0.1070107920906178,0.011906485284408946,16.49585346850391
1.047198,1.6798794375000001,0.1070107920906178,0.011906485284408946,16.49585346850391
1.25081975,1.6798794375000001,0.1070107920906178,0.011906485284408946,16.49585346850391
1.4544415000000004,1.6798794375000001,0.1070107920906178,0.011906485284408946,16.49585346850391
1.6580632500000003,1.6798794375000001,0.1070107920906178,0.011906485284408946,16.49585346850391
1.8616850000000003,1.6798794375000001,0.1070107920906178,0.011906485284408946,16.49585346850391
2.0653067500000004,1.6798794375000001,0.1070107920906178,0.011906485284408946,16.49585346850391
2.2689285000000003,1.6798794375000001,0.1070107920906178,0.011906485284408946,16.49585346850391
2.4725502500000003,1.6798794375000001,0.1070107920906178,0.011906485284408946,16.49585346850391
2.676172,1.6798794375000001,0.1070107920906178,0.011906485284408946,16.49585346850391
2.87979375,1.6798794375000001,0.1070107920906178,0.011906485284408946,16.49585346850391
3.0834155,1.6798794375000001,0.1070107920906178,0.011906485284408946,16.49585346850391
3.28703725,1.6798794375000001,0.1070107920906178,0.011906485284408946,16.49585346850391
3.490659,1.6798794375000001,0.1070107920906178,0.011906485284408946,16.49585346850391
-1.396263,1.83259575,0.10616804840878694,0.0105515311125427,16.79796830998467
-1.19264125,1.83259575,0.10616804840878694,0.0105515311125427,16.79796830998467
-0.9890194999999999,1.83259575,0.10616804840878694,0.0105515311125427,16.79796830998467
-0.78539775,1.83259575,0.10616804840878694,0.0105515311125427,16.79796830998467
-0.581776,1.83259575,0.10616804840878694,0.0105515311125427,16.79796830998467
-0.3781542499999999,1.83259575,0.10616804840878694,0.0105515311125427,16.79796830998467
-0.17453249999999998,1.83259575,0.10616804840878694,0.0105515311125427,16.79796830998467
0.029089250000000177,1.83259575,0.10616804840878694,0.0105515311125427,16.79796830998467
0.2327110000000001,1.83259575,0.10616804840878694,0.0105515311125427,16.79796830998467
0.43633275000000005,1.83259575,0.10616804840878694,0.0105515311125427,16.79796830998467
0.6399545000000002,1.83259575,0.10616804840878694,0.0105515311125427,16.79796830998467
0.8435762500000001,1.83259575,0.10616804840878694,0.0105515311125427,16.79796830998467
1.047198,1.83259575,0.10616804840878694,0.0105515311125427,16.79796830998467
1.25081975,1.83259575,0.10616804840878694,0.0105515311125427,16.79796830998467
1.4544415000000004,1.83259575,0.10616804840878694,0.0105515311125427,16.79796830998467
1.6580632500000003,1.83259575,0.10616804840878694,0.0105515311125427,16.79796830998467
1.8616850000000003,1.83259575,0.10616804840878694,0.0105515311125427,16.79796830998467
2.0653067500000004,1.83259575,0.10616804840878694,0.0105515311125427,16.79796830998467
2.2689285000000003,1.83259575,0.10616804840878694,0.0105515311125427,16.79796830998467
2.4725502500000003,1.83259575,0.10616804840878694,0.0105515311125427,16.79796830998467
2.676172,1.83259575,0.10616804840878694,0.0105515311125427,16.79796830998467
2.87979375,1.83259575,0.10616804840878694,0.0105515311125427,16.79796830998467
3.0834155,1.83259575,0.10616804840878694,0.0105515311125427,16.79796830998467
3.28703725,1.83259575,0.10616804840878694,0.0105515311125427,16.79796830998467
3.490659,1.83259575,0.10616804840878694,0.0105515311125427,16.79796830998467
-1.396263,1.9853120625,0.09921702615486414,0.008975727283625118,18.14284684386644
-1.19264125,1.9853120625,0.09921702615486414,0.008975727283625118,18.14284684386644
-0.9890194999999999,1.9853120625,0.09921702615486414,0.008975727283625118,18.14284684386644
-0.78539775,1.9853120625,0.09921702615486414,0.008975727283625118,18.14284684386644
-0.581776,1.9853120625,0.09921702615486414,0.008975727283625118,18.14284684386644
-0.3781542499999999,1.9853120625,0.09921702615486414,0.008975727283625118,18.14284684386644
-0.17453249999999998,1.9853120625,0.09921702615486414,0.008975727283625118,18.14284684386644
0.029089250000000177,1.9853120625,0.09921702615486414,0.008975727283625118,18.14284684386644
0.2327110000000001,1.9853120625,0.09921702615486414,0.008975727283625118,18.14284684386644
0.43633275000000005,1.9853120625,0.09921702615486414,0.008975727283625118,18.14284684386644
0.6399545000000002,1.9853120625,0.09921702615486414,0.008975727283625118,18.14284684386644
0.8435762500000001,1.9853120625,0.09921702615486414,0.008975727283625118,18.14284684386644
1.047198,1.9853120625,0.09921702615486414,0.008975727283625118,18.14284684386644
1.25081975,1.9853120625,0.09921702615486414,0.008975727283625118,18.14284684386644
1.4544415000000004,1.9853120625,0.09921702615486414,0.008975727283625118,18.14284684386644
1.6580632500000003,1.9853120625,0.09921702615486414,0.008975727283625118,18.14284684386644
1.8616850000000003,1.9853120625,0.09921702615486414,0.008975727283625118,18.14284684386644
2.0653067500000004,1.9853120625,0.09921702615486414,0.008975727283625118,18.14284684386644
2.2689285000000003,1.9853120625,0.09921702615486414,0.008975727283625118,18.14284684386644
2.4725502500000003,1.9853120625,0.09921702615486414,0.008975727283625118,18.14284684386644
2.676172,1.9853120625,0.09921702615486414,0.008975727283625118,18.14284684386644
2.87979375,1.9853120625,0.09921702615486414,0.008975727283625118,18.14284684386644
3.0834155,1.9853120625,0.09921702615486414,0.008975727283625118,18.14284684386644
3.28703725,1.9853120625,0.09921702615486414,0.008975727283625118,18.14284684386644
3.490659,1.9853120625,0.09921702615486414,0.008975727283625118,18.14284684386644
-1.396263,2.138028375,0.0887528824584765,0.0072797818997779535,20.450796373569727
-1.19264125,2.138028375,0.0887528824584765,0.0072797818997779535,20.450796373569727
-0.9890194999999999,2.138028375,0.0887528824584765,0.0072797818997779535,20.450796373569727
-0.78539775,2.138028375,0.0887528824584765,0.0072797818997779535,20.450796373569727
-0.581776,2.138028375,0.0887528824584765,0.0072797818997779535,20.450796373569727
-0.3781542499999999,2.138028375,0.0887528824584765,0.0072797818997779535,20.450796373569727
-0.17453249999999998,2.138028375,0.0887528824584765,0.0072797818997779535,20.450796373569727
0.029089250000000177,2.138028375,0.0887528824584765,0.0072797818997779535,20.450796373569727
0.2327110000000001,2.138028375,0.0887528824584765,0.0072797818997779535,20.450796373569727
0.43633275000000005,2.138028375,0.0887528824584765,0.0072797818997779535,20.450796373569727
0.6399545000000002,2.138028375,0.0887528824584765,0.0072797818997779535,20.450796373569727
0.8435762500000001,2.138028375,0.0887528824584765,0.0072797818997779535,20.450796373569727
1.047198,2.138028375,0.0887528824584765,0.0072797818997779535,20.450796373569727
1.25081975,2.138028375,0.0887528824584765,0.0072797818997779535,20.450796373569727
1.4544415000000004,2.138028375,0.0887528824584765,0.0072797818997779535,20.450796373569727
1.6580632500000003,2.138028375,0.0887528824584765,0.0072797818997779535,20.450796373569727
1.8616850000000003,2.138028375,0.0887528824584765,0.0072797818997779535,20.450796373569727
2.0653067500000004,2.138028375,0.0887528824584765,0.0072797818997779535,20.450796373569727
2.2689285000000003,2.138028375,0.0887528824584765,0.0072797818997779535,20.450796373569727
2.4725502500000003,2.138028375,0.0887528824584765,0.0072797818997779535,20.450796373569727
2.676172,2.138028375,0.0887528824584765,0.0072797818997779535,20.450796373569727
2.87979375,2.138028375,0.0887528824584765,0.0072797818997779535,20.450796373569727
3.0834155,2.138028375,0.0887528824584765,0.0072797818997779535,20.450796373569727
3.28703725,2.138028375,0.0887528824584765,0.0072797818997779535,20.450796373569727
3.490659,2.138028375,0.0887528824584765,0.0072797818997779535,20.450796373569727
-1.396263,2.2907446875,0.07669619507684074,0.005568647237994101,23.837120642483388
-1.19264125,2.2907446875,0.07669619507684074,0.005568647237994101,23.837120642483388
-0.9890194999999999,2.2907446875,0.07669619507684074,0.005568647237994101,23.837120642483388
-0.78539775,2.2907446875,0.07669619507684074,0.005568647237994101,23.837120642483388
-0.581776,2.2907446875,0.07669619507684074,0.005568647237994101,23.837120642483388
-0.3781542499999999,2.2907446875,0.07669619507684074,0.005568647237994101,23.837120642483388
-0.17453249999999998,2.2907446875,0.07669619507684074,0.005568647237994101,23.837120642483388
0.029089250000000177,2.2907446875,0.07669619507684074,0.005568647237994101,23.837120642483388
0.2327110000000001,2.2907446875,0.07669619507684074,0.005568647237994101,23.837120642483388
0.43633275000000005,2.2907446875,0.07669619507684074,0.005568647237994101,23.837120642483388
0.6399545000000002,2.2907446875,0.07669619507684074,0.005568647237994101,23.837120642483388
0.8435762500000001,2.2907446875,0.07669619507684074,0.005568647237994101,23.837120642483388
1.047198,2.2907446875,0.07669619507684074,0.005568647237994101,23.837120642483388
1.25081975,2.2907446875,0.07669619507684074,0.005568647237994101,23.837120642483388
1.4544415000000004,2.2907446875,0.07669619507684074,0.005568647237994101,23.837120642483388
1.6580632500000003,2.2907446875,0.07669619507684074,0.005568647237994101,23.837120642483388
1.8616850000000003,2.2907446875,0.07669619507684074,0.005568647237994101,23.837120642483388
2.0653067500000004,2.2907446875,0.07669619507684074,0.005568647237994101,23.837120642483388
2.2689285000000003,2.2907446875,0.07669619507684074,0.005568647237994101,23.837120642483388
2.4725502500000003,2.2907446875,0.07669619507684074,0.005568647237994101,23.837120642483388
2.676172,2.2907446875,0.07669619507684074,0.005568647237994101,23.837120642483388
2.87979375,2.2907446875,0.07669619507684074,0.005568647237994101,23.837120642483388
3.0834155,2.2907446875,0.07669619507684074,0.005568647237994101,23.837120642483388
3.28703725,2.2907446875,0.07669619507684074,0.005568647237994101,23.837120642483388
3.490659,2.2907446875,0.07669619507684074,0.005568647237994101,23.837120642483388
-1.396263,2.443461,0.06378081975675312,0.003945941143524863,28.83934998898315
-1.19264125,2.443461,0.06378081975675312,0.003945941143524863,28.83934998898315
-0.9890194999999999,2.443461,0.06378081975675312,0.003945941143524863,28.83934998898315
-0.78539775,2.443461,0.06378081975675312,0.003945941143524863,28.83934998898315
-0.581776,2.443461,0.06378081975675312,0.003945941143524863,28.83934998898315
-0.3781542499999999,2.443461,0.06378081975675312,0.003945941143524863,28.83934998898315
-0.17453249999999998,2.443461,0.06378081975675312,0.003945941143524863,28.83934998898315
0.029089250000000177,2.443461,0.06378081975675312,0.003945941143524863,28.83934998898315
0.2327110000000001,2.443461,0.06378081975675312,0.003945941143524863,28.83934998898315
0.43633275000000005,2.443461,0.06378081975675312,0.003945941143524863,28.83934998898315
0.6399545000000002,2.443461,0.06378081975675312,0.003945941143524863,28.83934998898315
0.8435762500000001,2.443461,0.06378081975675312,0.003945941143524863,28.83934998898315
1.047198,2.443461,0.06378081975675312,0.003945941143524863,28.83934998898315
1.25081975,2.443461,0.06378081975675312,0.003945941143524863,28.83934998898315
1.4544415000000004,2.443461,0.06378081975675312,0.003945941143524863,28.83934998898315
1.6580632500000003,2.443461,0.06378081975675312,0.003945941143524863,28.83934998898315
1.8616850000000003,2.443461,0.06378081975675312,0.003945941143524863,28.83934998898315
2.0653067500000004,2.443461,0.06378081975675312,0.003945941143524863,28.83934998898315
2.2689285000000003,2.443461,0.06378081975675312,0.003945941143524863,28.83934998898315
2.4725502500000003,2.443461,0.06378081975675312,0.003945941143524863,28.83934998898315
2.676172,2.443461,0.06378081975675312,0.003945941143524863,28.83934998898315
2.87979375,2.443461,0.06378081975675312,0.003945941143524863,28.83934998898315
3.0834155,2.443461,0.06378081975675312,0.003945941143524863,28.83934998898315
3.28703725,2.443461,0.06378081975675312,0.003945941143524863,28.83934998898315
3.490659,2.443461,0.06378081975675312,0.003945941143524863,28.83934998898315
